{"cameraMode":{"drawMode":0,"name":"Shaded","section":"Shading Mode"},"sceneLighting":false,"audioPlay":false,"sceneViewState":{"m_AlwaysRefresh":false,"showFog":true,"showSkybox":false,"showFlares":true,"showImageEffects":false,"showParticleSystems":true,"showVisualEffectGraphs":true,"m_FxEnabled":true},"in2DMode":false,"pivot":{"x":-3.5748512744903566,"y":0.687999963760376,"z":-1.0676534175872803},"rotation":{"x":-0.011726821772754193,"y":-0.984358549118042,"z":0.15970687568187715,"w":-0.07500217854976654},"size":0.26327750086784365,"orthographic":false}