{"cameraMode":{"drawMode":0,"name":"Shaded","section":"Shading Mode"},"sceneLighting":true,"audioPlay":false,"sceneViewState":{"m_AlwaysRefresh":false,"showFog":true,"showSkybox":true,"showFlares":true,"showImageEffects":false,"showParticleSystems":true,"showVisualEffectGraphs":true,"m_FxEnabled":true},"in2DMode":false,"pivot":{"x":873.3706665039063,"y":462.79144287109377,"z":-6.64666748046875},"rotation":{"x":-0.13873949646949769,"y":-0.02273942530155182,"z":0.003996058367192745,"w":-0.9902493357658386},"size":166.97312927246095,"orthographic":false}