{"cameraMode":{"drawMode":0,"name":"Shaded","section":"Shading Mode"},"sceneLighting":true,"audioPlay":false,"sceneViewState":{"m_AlwaysRefresh":false,"showFog":true,"showSkybox":true,"showFlares":true,"showImageEffects":false,"showParticleSystems":true,"showVisualEffectGraphs":true,"m_FxEnabled":true},"in2DMode":false,"pivot":{"x":-2.978792190551758,"y":1.3298591375350953,"z":-6.312167167663574},"rotation":{"x":-0.09589867293834686,"y":-0.01266308594495058,"z":-0.0014785005478188396,"w":-0.9955402612686157},"size":1.2247449159622193,"orthographic":false}