{"cameraMode":{"drawMode":0,"name":"Shaded","section":"Shading Mode"},"sceneLighting":true,"audioPlay":false,"sceneViewState":{"m_AlwaysRefresh":false,"showFog":true,"showSkybox":true,"showFlares":true,"showImageEffects":false,"showParticleSystems":true,"showVisualEffectGraphs":true,"m_FxEnabled":true},"in2DMode":false,"pivot":{"x":4.515446662902832,"y":1.7083117961883546,"z":1.5896990299224854},"rotation":{"x":-0.08856609463691712,"y":-0.18855272233486176,"z":0.017064886167645456,"w":-0.9780043363571167},"size":0.9836157560348511,"orthographic":false}