{"cameraMode":{"drawMode":0,"name":"Shaded","section":"Shading Mode"},"sceneLighting":true,"audioPlay":false,"sceneViewState":{"m_AlwaysRefresh":false,"showFog":true,"showSkybox":true,"showFlares":true,"showImageEffects":false,"showParticleSystems":true,"showVisualEffectGraphs":true,"m_FxEnabled":true},"in2DMode":false,"pivot":{"x":-1.6974296569824219,"y":1.869796633720398,"z":-7.369405746459961},"rotation":{"x":0.000737174937967211,"y":-0.31971463561058047,"z":0.00250376109033823,"w":0.9477902054786682},"size":1.2247449159622193,"orthographic":false}