{"cameraMode":{"drawMode":0,"name":"Shaded","section":"Shading Mode"},"sceneLighting":true,"audioPlay":false,"sceneViewState":{"m_AlwaysRefresh":false,"showFog":true,"showSkybox":true,"showFlares":true,"showImageEffects":true,"showParticleSystems":true,"showVisualEffectGraphs":true,"m_FxEnabled":true},"in2DMode":false,"pivot":{"x":-0.9344077110290527,"y":0.5793684124946594,"z":-5.241044044494629},"rotation":{"x":0.1188451498746872,"y":0.19492417573928834,"z":-0.023771407082676889,"w":0.9732689261436462},"size":7.114328861236572,"orthographic":false}