{"cameraMode":{"drawMode":0,"name":"Shaded","section":"Shading Mode"},"sceneLighting":true,"audioPlay":false,"sceneViewState":{"m_AlwaysRefresh":false,"showFog":true,"showSkybox":true,"showFlares":true,"showImageEffects":false,"showParticleSystems":true,"showVisualEffectGraphs":true,"m_FxEnabled":true},"in2DMode":false,"pivot":{"x":3.2039546966552736,"y":1.3241422176361085,"z":-0.21587395668029786},"rotation":{"x":0.1893843561410904,"y":0.01561917643994093,"z":-0.0010051579447463155,"w":0.9819353222846985},"size":1.446650743484497,"orthographic":false}