{"cameraMode":{"drawMode":0,"name":"Shaded","section":"Shading Mode"},"sceneLighting":true,"audioPlay":false,"sceneViewState":{"m_AlwaysRefresh":false,"showFog":true,"showSkybox":true,"showFlares":true,"showImageEffects":false,"showParticleSystems":true,"showVisualEffectGraphs":true,"m_FxEnabled":true},"in2DMode":false,"pivot":{"x":-1.1284854412078858,"y":0.7094184160232544,"z":3.104065179824829},"rotation":{"x":-0.0861954391002655,"y":-0.22647836804389954,"z":0.019619852304458619,"w":-0.9701611399650574},"size":7.014094352722168,"orthographic":false}