{"cameraMode":{"drawMode":0,"name":"Shaded","section":"Shading Mode"},"sceneLighting":true,"audioPlay":false,"sceneViewState":{"m_AlwaysRefresh":false,"showFog":true,"showSkybox":true,"showFlares":true,"showImageEffects":false,"showParticleSystems":true,"showVisualEffectGraphs":true,"m_FxEnabled":true},"in2DMode":false,"pivot":{"x":-4.93480110168457,"y":2.139563798904419,"z":-0.28166571259498598},"rotation":{"x":0.008867046795785427,"y":0.9905716776847839,"z":-0.12388856709003449,"w":0.060170575976371768},"size":0.3384746313095093,"orthographic":false}