{"cameraMode":{"drawMode":0,"name":"Shaded","section":"Shading Mode"},"sceneLighting":true,"audioPlay":false,"sceneViewState":{"m_AlwaysRefresh":false,"showFog":true,"showSkybox":true,"showFlares":true,"showImageEffects":false,"showParticleSystems":true,"showVisualEffectGraphs":true,"m_FxEnabled":true},"in2DMode":false,"pivot":{"x":-5.964482307434082,"y":2.132169723510742,"z":-0.47729241847991946},"rotation":{"x":0.10056553781032562,"y":0.7270617485046387,"z":-0.10895340889692307,"w":0.6704638600349426},"size":0.9836157560348511,"orthographic":false}