{"cameraMode":{"drawMode":0,"name":"Shaded","section":"Shading Mode"},"sceneLighting":true,"audioPlay":false,"sceneViewState":{"m_AlwaysRefresh":false,"showFog":true,"showSkybox":true,"showFlares":true,"showImageEffects":true,"showParticleSystems":true,"showVisualEffectGraphs":true,"m_FxEnabled":true},"in2DMode":false,"pivot":{"x":-4.179442882537842,"y":2.2674038410186769,"z":2.369530200958252},"rotation":{"x":-0.41640931367874148,"y":-0.09462804347276688,"z":0.043624669313430789,"w":-0.9031872749328613},"size":1.695949912071228,"orthographic":false}